id,アニメーション名,ファイルのベースパス,アニメーションの最初の番号,アニメーションの最後の番号,レイヤー番号
1001,Idle,data/texture/player/cindy/idle/Cindy_Idle_,1,3,3
1002,Walk,data/texture/player/cindy/walk/Cindy_Walk_,1,3,3
2201,Idle,data/texture/enemy/blue_slime/,0,3,3
2202,Idle,data/texture/enemy/purple_slime/,0,3,3
2203,Idle,data/texture/enemy/yellow_slime/,0,3,3
2204,Idle,data/texture/enemy/red_slime/,0,3,3
2205,Idle,data/texture/enemy/green_slime/,0,3,3
7201,DisappearEffect,data/texture/DisappearEffect/,0,7,3
304301,fire,data/texture/weapon/knife/,0,3,3
